role,skills
Data Scientist,"Python SQL Machine Learning Statistics Data Analysis Pandas NumPy Visualization"
DevOps Engineer,"AWS Docker Kubernetes CI/CD Automation Linux Cloud Computing Terraform"
Backend Developer,"Java Python SQL APIs Databases Microservices Spring Boot REST"
Frontend Developer,"JavaScript React CSS HTML UI Design Web Design TypeScript"
Cloud Architect,"AWS Cloud Computing Azure Networking Security Automation Kubernetes"
Data Engineer,"Python SQL ETL Apache Spark Data Pipelines Cloud Computing Airflow"
Machine Learning Engineer,"Python Machine Learning TensorFlow PyTorch Neural Networks Deep Learning Statistics"
Full Stack Developer,"JavaScript Python React Node.js SQL APIs Web Design Databases"
Cybersecurity Analyst,"Networking Security Linux Cryptography Threat Analysis Automation Python"
Mobile App Developer,"Java Kotlin Swift Mobile UI Design APIs Android iOS"
Systems Administrator,"Linux Networking Automation Cloud Computing Bash Scripting Security"
Database Administrator,"SQL Databases Data Modeling Backup Recovery Performance Tuning Oracle"
